id,name
0,pancetta
1,canned corn
2,lime
3,basil leaves
4,mild sausage
5,sirloin tip roast
6,pure vanilla extract
7,cream cheese spread
8,chicken legs with thigh
9,liquid pectin
10,extra large egg
11,tuna
12,evaporated milk
13,fresh mint leaves
14,small pretzels
15,pretzel sticks
16,deli ham
17,fine dry breadcrumb
18,splenda granular
19,whole tomato
20,mild ground sausage
21,catalina dressing
22,self-rising flour
23,green chili
24,corn flake crumbs
25,dark chocolate
26,green onions
27,savoy cabbage
28,distilled vinegar
29,smoked gouda cheese
30,sesame seeds
31,snickers candy bars
32,pepperidge farm chessmen cookies
33,peach
34,field mushrooms
35,portuguese chourico
36,lamb loin chops
37,processed swiss cheese
38,locatelli cheese
39,small white beans
40,andes mint baking chips
41,fat free sour cream
42,gruyere cheese
43,sirloin steak
44,flank steak
45,red wine vinegar
46,bittersweet chocolate chips
47,pam cooking spray
48,maple flavoring
49,frozen brussels sprouts
50,solid white tuna packed in water
51,canola oil
52,standing ribs
53,cooked beef
54,cream of mushroom soup
55,classico alfredo with sun dried tomatoes
56,frozen green pea
57,chicken bouillon
58,crookneck yellow squash
59,tzatziki
60,red curry paste
61,raspberry vinegar
62,mature cheddar cheese
63,ground veal
64,light kidney beans
65,instant coffee powder
66,miniature peanut butter cups
67,olive oil
68,italian salad dressing mix
69,minced garlic cloves
70,apple butter
71,chicken tenders
72,seasoned flour
73,wild rice
74,italian herb seasoning
75,hot dog
76,queso fresco
77,ham stock cube
78,london broil beef
79,sweet and sour sauce
80,black cherries
81,bleached all purpose flour
82,mixed nuts
83,ground black pepper
84,cinnamon raisin bread
85,green tomatoes
86,chicken bouillon powder
87,crushed plum tomatoes
88,beef sirloin tip
89,rye cocktail bread
90,turkey pepperoni
91,fresh jalapeno peppers
92,meringue powder
93,burgundy wine
94,chicken breast fillet
95,guar gum
96,gluten-free margarine
97,gelatin
98,cubed ham
99,vidalia onions
100,diced pimentos
101,boneless round steak
102,ranch style black-eyed peas with jalapenos
103,pinto beans in chili sauce
104,instant minced garlic
105,cumin seeds
106,sourdough starter
107,wax paper
108,gorgonzola
109,lobster base
110,lime wedge
111,sweetened whipped cream
112,dried cilantro
113,beef sirloin
114,butternut squash
115,whole grain mustard
116,natural-style peanut butter
117,sweetened flaked coconut
118,plain nonfat yogurt
119,ladyfinger
120,standing rib roast
121,spaghetti
122,fruit preserves
123,condensed beef broth
124,long-grain white rice
125,refrigerated breadstick dough
126,shortcrust pastry dough
127,pepsi
128,hamburger buns
129,fresh lemon juice
130,bologna
131,frosting
132,goldfish crackers
133,hamburger
134,coriander
135,eggplant
136,fresh dill weed
137,vinegar
138,garnet yams
139,asparagus spears
140,jalapeno juice
141,cheese ravioli
142,ground flax seed
143,rolls
144,nonfat sour cream
145,double cream
146,hawaiian rolls
147,powdered cumin
148,dry pasta
149,onion soup
150,campbell's cream of mushroom soup
151,popped corn
152,new potatoes
153,herbs
154,smoked kielbasa
155,whipped cream
156,fresh raspberry
157,shoulder lamb chops
158,grape-nuts cereal
159,spaghetti sauce
160,hidden valley original ranch dressing
161,lite silken extra firm tofu
162,balsamic vinegar
163,kidney bean
164,vital wheat gluten
165,chicken thighs
166,frozen hash brown potatoes
167,marsala wine
168,apples
169,butterscotch schnapps
170,boneless chicken breast halves
171,fat-free cream of mushroom soup
172,fresh garlic
173,breakfast sausage
174,spicy sausage
175,nutmeg
176,southwest seasoning
177,za'atar spice mix
178,refrigerated sugar cookie dough
179,parmesan cheese
180,converted rice
181,dry parsley flakes
182,crispy rice cereal
183,thousand island dressing
184,diet cola
185,dry dill weed
186,skim milk yogurt
187,solid pack pumpkin
188,ham hocks
189,spices
190,blackening seasoning
191,frozen chopped spinach
192,root beer
193,hot pepper flakes
194,pork loin chops with bone
195,"orange, zest of"
196,salmon steaks
197,salmon fillets
198,pork steaks
199,garlic-flavored croutons
200,canned jalapeno peppers
201,skinless chicken breasts
202,flax seeds
203,tomatoes with garlic
204,chocolate bar
205,cilantro leaves
206,7-up soda
207,peppercorn
208,lemons
209,peas
210,miniature peanut butter filled butter flavor crackers
211,"orange, juice of"
212,no-sugar-added fudge pop
213,smoked ham hocks
214,baileys irish cream
215,fresh oregano
216,coriander seed
217,unsalted butter
218,fat-free italian salad dressing
219,tortilla chips
220,rack of lamb
221,buttered bread crumb
222,dry basil
223,tuna steaks
224,"limes, juice of"
225,pepperoncini peppers
226,low-sodium beef bouillon cube
227,burrito-size flour tortillas
228,jack daniels whiskey
229,green peas
230,coarse ground beef
231,french-fried onions
232,beef consomme
233,herb stuffing mix
234,microwave popcorn
235,dijon-style mustard
236,cinnamon sugar
237,cod fish fillet
238,good seasonings italian salad dressing mix
239,turkey gizzards
240,butter recipe cake mix
241,vegetarian refried beans
242,salmon
243,chicken flavor stuffing mix
244,clams
245,powdered ginger
246,becel margarine
247,dark rum
248,canning salt
249,mascarpone cheese
250,chow mein noodles
251,chunky peanut butter
252,pita breads
253,boneless skinless chicken breast
254,sharp cheddar cheese
255,sazon con azafran seasoning
256,low-fat cheddar cheese
257,linguica sausage
258,light coconut milk
259,crescent roll dough
260,leek
261,gnocchi
262,miniature bagels
263,plum tomatoes
264,frozen deep dish pie shell
265,kikkoman soy sauce
266,rosemary
267,raspberry yogurt
268,coconut cream pudding mix
269,cracked pepper
270,banana peppers
271,turkey sausage
272,your favorite sauce
273,italian bread
274,pork and beans
275,vegetarian baked beans
276,nacho chips
277,fresh jalapeno
278,ground allspice
279,long-grain rice
280,sumaq
281,chocolate cream-filled chocolate sandwich cookies
282,cream of chicken and mushroom soup
283,linguine
284,powdered chipotle pepper
285,hot chili beans
286,fresh breadcrumb
287,mozzarella cheese
288,spanish onion
289,almond flour
290,garam masala
291,heinz ketchup
292,tabasco brand chipotle pepper sauce
293,leeks
294,ranch salad dressing
295,chile
296,corn on the cob
297,hormel hot chili with beans
298,chili oil
299,dried marjoram
300,fat-free chicken broth
301,seedless grapes
302,sausage meat
303,angel hair pasta
304,bratwursts
305,baby spinach leaves
306,skim milk
307,cooked lamb
308,mountain dew soda
309,mashed potatoes
310,buffalo wing sauce
311,minced beef
312,bisquick baking mix
313,dried lentils
314,mushroom cap
315,herb seasoned stuffing mix
316,corned beef brisket
317,spinach leaves
318,tortillas
319,nestl toll house butterscotch flavored morsels
320,strawberry ice cream topping
321,dried basil
322,yellow rice
323,paraffin wax
324,pasta
325,food coloring
326,spaghettini
327,hidden valley original ranch seasoning mix
328,long grain white rice
329,canned tomato sauce
330,jalapeno chiles
331,kale
332,lemon pepper seasoning
333,kosher dill pickles
334,figs
335,millet flour
336,cocoa powder
337,glitter
338,soy flour
339,tahini paste
340,arborio rice
341,blanched slivered almond
342,dark sesame oil
343,red pepper paste
344,italian tomatoes
345,manicotti
346,ground turkey breast
347,refrigerated crescent dinner rolls
348,tea leaves
349,apple
350,bulk italian sausage
351,chicken bouillon cubes
352,watercress
353,cornbread mix
354,parmigiano-reggiano cheese
355,crunchy peanut butter
356,red potatoes
357,cajun seasoning
358,crushed pineapple
359,frozen sweetened strawberries
360,pork back ribs
361,chicken bouillon cube
362,prepared mustard
363,reduced-fat cheese
364,key lime pie yogurt
365,chili flakes
366,mushroom
367,green chilies
368,vanilla chip
369,sifted flour
370,toast
371,orange rind
372,o'brien frozen potatoes
373,fresh tomatoes
374,top sirloin roast
375,small shell pasta
376,reduced fat graham cracker crust
377,angel food cake
378,campbell's golden mushroom soup
379,red sweet pepper
380,green onion tops
381,golden brown sugar
382,chocolate shavings
383,meatballs
384,coriander powder
385,dried chili pepper flakes
386,artichoke heart
387,dill pickle slices
388,four-cheese mexican blend cheese
389,puff pastry
390,red onions
391,salt and pepper
392,popped popcorn
393,corn chips
394,egg noodles
395,macaroni noodles
396,low-fat plain yogurt
397,red swiss chard
398,semisweet vegan chocolate chips
399,onion salt
400,cherry jell-o
401,dried chilies
402,fresh corn kernels
403,real vanilla
404,white mushroom
405,campbell's french onion soup
406,splenda quick pack
407,masa harina
408,rotelle pasta
409,little smokies sausages
410,seedless raspberry preserves
411,chicken strips
412,italian-style tomatoes
413,ribbon
414,louisiana hot sauce
415,jello instant vanilla pudding mix
416,yellow onion
417,bermuda onions
418,hot chicken stock
419,rum extract
420,nonfat plain yogurt
421,pumpernickel rounds
422,dried split green peas
423,vegetable oil cooking spray
424,small curd cottage cheese
425,madeira wine
426,red velvet cake mix
427,18% table cream
428,cream of celery soup
429,ham hock
430,onions
431,yellow bell pepper
432,herbes de provence
433,wild mushrooms
434,toffee pieces
435,italian cut green beans
436,coca-cola
437,salt & freshly ground black pepper
438,cross-rib roasts
439,banana instant pudding
440,halibut fillet
441,garlic
442,major grey chutney
443,rotel tomatoes
444,allspice
445,flax seed
446,chinese egg noodles
447,plum tomato
448,grey poupon dijon mustard
449,jiffy corn muffin mix
450,desiccated coconut
451,peanut butter chips
452,fat-free half-and-half
453,celery & tops
454,hidden valley ranch dressing mix
455,boneless skinless chicken breast halves
456,half-and-half cream
457,8-inch flour tortillas
458,low-sodium teriyaki sauce
459,raw cauliflower
460,pizza sauce
461,cherries
462,salad oil
463,sourdough bread
464,liquid honey
465,hungarian paprika
466,cornmeal
467,bulgur
468,gingersnaps
469,cooking spray
470,pork ribs
471,pineapple
472,icing sugar
473,cooked lasagna noodles
474,almond flavoring
475,dill weed
476,hellmanns mayonnaise
477,chinese wine
478,green bell pepper
479,sun-dried tomato packed in oil
480,8-inch graham cracker crust
481,orange zest
482,club soda
483,wasabi
484,fennel seeds
485,dried breadcrumbs
486,dried garlic
487,ham
488,large shrimp
489,cooked pumpkin
490,dry pectin
491,salt & pepper
492,corn flakes
493,chinese vegetables
494,split peas
495,lawry's seasoned salt
496,black peppercorns
497,cannellini beans
498,packaged coleslaw mix
499,pineapple cake mix
500,summer squash
501,fresh salmon
502,ground cumin
503,head romaine lettuce
504,sage
505,coleslaw
506,unsweetened soymilk
507,fresh carrot
508,pesto sauce
509,pork rind
510,butter flavoring
511,giardiniera
512,roquefort cheese
513,mixed fresh herbs
514,caster sugar
515,crescent rolls
516,diced onion
517,ancho chilies
518,white chocolate
519,muenster cheese
520,pot roast
521,crushed red pepper flakes
522,plain fat-free yogurt
523,simply potatoes diced potatoes with onion
524,french rolls
525,red hot pepper sauce
526,rump roast
527,phyllo pastry
528,doughnuts
529,clarified butter
530,gluten-free soy sauce
531,red chili sauce
532,mahi mahi
533,minced clams
534,seasoned rice wine vinegar
535,ground mustard
536,coarse black pepper
537,medium sherry
538,onion soup mix
539,green pepper
540,dried oregano leaves
541,orange juice
542,celery salt
543,fresh brussels sprouts
544,mint leaf
545,center-cut pork chops
546,american cheese
547,fruit pectin
548,dried currants
549,pink salmon
550,country-style pork ribs
551,salad potatoes
552,summer savory
553,thai red curry paste
554,plums
555,lemongrass
556,pepperoncini pepper
557,soft breadcrumbs
558,"lemons, juice and zest of"
559,whole canned tomatoes
560,garbanzo flour
561,white onion
562,chunky salsa
563,dark corn syrup
564,cooked whole grain brown rice
565,sponge cake fingers
566,canned pumpkin
567,coconut flour
568,tamarind pulp
569,fresh mozzarella cheese
570,extra large egg whites
571,jasmine rice
572,fresh fruit
573,red pepper flakes
574,black sesame seeds
575,olive oil flavored cooking spray
576,sugar-free lemon gelatin
577,blanched almonds
578,pecorino romano cheese
579,japanese sake
580,craisins
581,simply potatoes shredded hash browns
582,red chilies
583,dry onion soup mix
584,grape tomatoes
585,yellow pepper
586,paneer cheese
587,rice milk
588,instant mashed potatoes
589,coriander seeds
590,small marshmallow
591,straw mushroom
592,macadamia nuts
593,instant vanilla flavor pudding and pie filling
594,libby's canned pumpkin
595,dried thyme leaves
596,fish sauce
597,spareribs
598,frozen whole kernel corn
599,cheddar cheese soup
600,pineapple preserves
601,ground lean pork
602,turkey stuffing mix
603,crusty bread rolls
604,low fat mozzarella
605,fresh kale
606,french vanilla cool whip
607,whole wheat pasta shells
608,kool-aid
609,vegan cheddar cheese
610,cream-style corn
611,condensed vegetable beef soup
612,masa harina flour
613,mexican-style tomatoes
614,reduced sodium soy sauce
615,ground coriander
616,beef double bouillon cubes
617,canned chilies
618,serrano chili
619,vanilla ice cream
620,frozen corn kernels
621,yellow onions
622,okra
623,unsweetened coconut
624,walnut halves
625,assorted fresh vegetables
626,italian style breadcrumbs
627,cabbage and carrot coleslaw mix
628,complete caesar salad in a bag
629,whole wheat pastry flour
630,fresh sage
631,strong coffee
632,eggnog
633,fresh onion
634,beef sirloin steaks
635,frozen shrimp
636,mustard powder
637,berries
638,water-packed artichoke hearts
639,whole pecans
640,hamburger bun
641,canned candied yams
642,reduced-fat sour cream
643,sole fillets
644,low-fat cheese
645,unbaked 9-inch deep dish pie pastry
646,matzo meal
647,peanut butter morsels
648,peanut butter cups
649,fresh cracked pepper
650,rotel diced tomatoes
651,fresh coriander
652,hummus
653,grenadine
654,cilantro salsa
655,whipped topping
656,lime jell-o gelatin
657,serrano pepper
658,pasteurized liquid egg-whites
659,fat-free whipped topping
660,fresh snow pea
661,strawberry schnapps
662,instant lemon pudding
663,hollandaise sauce
664,beef bouillon cube
665,flank steaks
666,v8 vegetable juice
667,orange gelatin
668,salad greens
669,green chili sauce
670,artificial sweetener
671,pasta sauce with mushrooms
672,bisquick reduced-fat baking mix
673,alfredo sauce
674,frozen chopped broccoli
675,rice
676,boneless beef chuck roast
677,chili paste
678,instant chocolate pudding mix
679,flour
680,tuna fish
681,low-fat cream of mushroom soup
682,"lemon, juice and zest of"
683,ribs
684,crushed tomatoes
685,instant beef bouillon
686,vanilla flavor instant pudding and pie filling mix
687,jiffy white cake mix
688,country-style boneless pork ribs
689,dry marsala wine
690,refrigerated buttermilk biscuits
691,vanilla wafer
692,turkey carcass
693,reduced-fat reduced-sodium condensed cream of mushroom soup
694,haddock
695,fresh mango
696,round onion
697,pickles
698,pie crust
699,low-fat buttermilk
700,green enchilada sauce
701,refrigerated reduced-fat buttermilk biscuits
702,barbecue sauce
703,cooked turkey breast
704,sugar-free lime gelatin
705,anchovy fillets
706,pork sausage
707,whole buttermilk
708,cracker crumb
709,banana pepper ring
710,sea bass
711,vegetarian broth
712,oats
713,chicken
714,firm silken tofu
715,ziti pasta
716,sliced peaches in juice
717,red lentil
718,soda water
719,five-spice powder
720,baby red potatoes
721,crouton
722,steak seasoning
723,french's french fried onions
724,red lentils
725,horseradish
726,fresh ground white pepper
727,mashed banana
728,cellophane noodles
729,carrot
730,mini marshmallows
731,m&m's plain chocolate candy
732,habanero peppers
733,blanched almond
734,salt & fresh ground pepper
735,frying chicken
736,ground cayenne pepper
737,cardamom pods
738,whole tomatoes
739,cucumber
740,sharp white cheddar cheese
741,boneless chicken
742,fresh cilantro leaves
743,kidney beans
744,medium egg noodles
745,hard-boiled egg
746,sandwich buns
747,frozen whipped topping
748,tart cherries
749,browning sauce
750,caraway seed
751,lasagna noodle
752,horseradish cream
753,old el paso mild enchilada sauce
754,pine nuts
755,2% cheddar cheese
756,cajun spices
757,seasoned rice vinegar
758,quaker oats
759,butter flavor shortening
760,dry breadcrumbs
761,plain breadcrumbs
762,frozen peas and carrot
763,dried rosemary leaves
764,steel cut oats
765,sausage
766,white fish fillets
767,water chestnut
768,corn muffin mix
769,mini chocolate chip
770,sugar snap pea
771,cheese-filled egg tortellini
772,oreo cookies
773,watermelon
774,low fat cottage cheese
775,fat-free sugar-free instant chocolate pudding mix
776,refrigerated biscuit
777,jumbo eggs
778,fresh tarragon
779,crawfish tail
780,juice
781,baby bok choy
782,french style green bean
783,collard greens
784,hot chili sauce
785,canned beets
786,oatmeal
787,red kidney beans
788,italian cheese blend
789,rotini pasta
790,cream-style cottage cheese
791,fat free cream cheese
792,accent seasoning
793,lemon twist
794,grilled chicken
795,all-bran cereal
796,crusty bread
797,linseeds
798,horseradish sauce
799,hot coffee
800,sliced almonds
801,brownie mix
802,dripping
803,reduced-fat mayonnaise
804,fresh tomato
805,ice cubes
806,cream of tartar
807,brie cheese
808,oranges
809,bourbon
810,reduced-fat cream of chicken soup
811,lean hamburger
812,mango
813,hoisin sauce
814,avocados
815,plain hershey bar
816,beef bouillon powder
817,walnut pieces
818,mortadella
819,chocolate frosting
820,canned corn kernel
821,sunflower seeds
822,lemon juice
823,monterey jack pepper cheese
824,saltine crackers
825,sugar-free white chocolate pudding mix
826,sultana raisin
827,crisco
828,turkey neck
829,dates
830,12-inch flour tortillas
831,unsweetened cocoa powder
832,boneless pork roast
833,tarragon vinegar
834,tall slender 4 cup container
835,9-inch pie shell
836,biscuit mix
837,zucchini
838,italian seasoned breadcrumbs
839,chicken parts
840,pepper jelly
841,caramelized onion
842,frozen corn
843,dry red wine
844,tabasco sauce
845,tomatoes
846,chicken liver
847,grilled chicken breasts
848,cooked pasta
849,salted mixed nuts
850,skim milk powder
851,diced onions
852,flaked coconut
853,jalapeno chile
854,colby cheese
855,oil
856,flat-leaf italian parsley
857,greek yogurt
858,dried herbs
859,fresh spinach leaves
860,ground cinnamon
861,water chestnuts
862,purple onion
863,scotch bonnet pepper
864,reduced-fat mozzarella cheese
865,dry lasagna noodles
866,chili powder
867,tomato ketchup
868,nectarine
869,ground coffee
870,fish fillet
871,cinnamon raisin bagel
872,fresh chives
873,parsley
874,candied ginger
875,light cheddar cheese
876,dried coconut
877,great northern beans
878,white rice
879,sweet pickle
880,tomato puree
881,dried chili pods
882,salami
883,kitchen bouquet
884,hot pepper
885,fresh rhubarb
886,round steaks
887,instant espresso powder
888,top ramen noodles
889,green cabbage
890,rotini noodles
891,cream cheese
892,plain flour
893,icing
894,japanese eggplants
895,baking potatoes
896,pepperoni
897,dried hot chili peppers
898,pure maple syrup
899,feta cheese
900,honey bunches of oats cereal
901,white bread
902,heinz chili sauce
903,coarse grain mustard
904,boneless pork butt
905,cooked short-grain white rice
906,tri-tip roast
907,low sodium chicken broth
908,nestle semi-sweet and white chocolate swirled chocolate morsels
909,sour milk
910,glue
911,lemon drop candy
912,currants
913,roasted garlic alfredo sauce
914,raw rice
915,pina colada nonalcoholic drink mix
916,ginger ale
917,sugar-free jello
918,frozen black-eyed peas
919,"lemon, rind of"
920,dry active yeast
921,salted peanuts
922,evaporated 2% milk
923,hickory smoke salt
924,confectioners' sugar
925,sugar-free instant pudding mix
926,extra firm tofu
927,paprika
928,wooden skewers
929,poppy seed
930,bacon grease
931,garlic butter
932,tater tots
933,nonstick cooking spray
934,italian plums
935,seedless raspberry jam
936,sweet pickle relish
937,white shoepeg corn
938,rutabaga
939,sprite
940,kalamata olives
941,red snapper fillets
942,fresh lemon zest
943,ground oregano
944,navy beans
945,jellied cranberry sauce
946,milk
947,yukon gold potatoes
948,no-added-salt tomato paste
949,oyster crackers
950,soy mayonnaise
951,unsweetened raspberry
952,instant coffee crystals
953,taco seasoning mix
954,romaine lettuce
955,pickled jalapeno chili
956,lipton onion mushroom dry soup mix
957,chicken breast
958,fresh blackberries
959,fudge cake mix
960,boneless chuck roast
961,simply macaroni & cheese
962,coconut
963,ginger
964,mussels
965,beef gravy
966,saffron
967,caramel coloring
968,canned artichoke hearts
969,hawaiian sea salt
970,fresh peaches
971,boneless pork loin roast
972,wyler's chicken bouillon cubes
973,instant tang orange drink
974,green giant sliced mushrooms
975,unsweetened apple juice
976,hidden valley original ranch dressing and seasoning mix
977,peach slices
978,apricot preserves
979,parsnips
980,pie crusts
981,all purpose greek seasoning
982,prepared stuffing
983,granulated sugar
984,fresh coarse ground black pepper
985,boneless pork shoulder
986,gingerroot
987,white hominy
988,lemon slice
989,pitted dates
990,chips
991,basil chiffonade
992,racks of baby-back pork ribs
993,ranch style black-eyed peas
994,baby back ribs
995,hersheys chocolate syrup
996,prunes
997,pumpkin seeds
998,red enchilada sauce
999,sugar-free vanilla pudding mix
1000,espresso
1001,pickling salt
1002,chocolate cake mix
1003,fresh white mushrooms
1004,chipotle chiles
1005,cinnamon baking chips
1006,fudge marble cake mix
1007,french-style green beans
1008,swiss chard
1009,thai red chili pepper
1010,condensed french onion soup
1011,fat-free saltine crackers
1012,cooked elbow macaroni
1013,peanut butter cookie dough
1014,sesame seed oil
1015,orange-flavored liqueur
1016,spicy brown mustard
1017,clove
1018,mushroom gravy mix
1019,pastry dough
1020,stewing beef
1021,white chocolate baking squares
1022,ice
1023,gluten
1024,white chocolate chips
1025,beef broth
1026,dried rubbed sage
1027,green peppers
1028,jars
1029,vermicelli rice noodles
1030,key lime juice
1031,"lemons, zest of"
1032,garlic bagel chips
1033,boneless beef steak
1034,mace
1035,chopped tomato
1036,low-fat baking mix
1037,lime juice
1038,skinless chicken breast halves
1039,instant coconut pudding mix
1040,low-fat chicken broth
1041,unsweetened baking cocoa
1042,beef bouillon granules
1043,dark raisin
1044,green olives
1045,white sauce
1046,cake tofu
1047,coconut extract
1048,dried chipotle powder
1049,candy corn
1050,brandy
1051,jelly
1052,ground flax seeds
1053,toasted almond
1054,heavy whipping cream
1055,cornstarch
1056,devil's food cake mix
1057,white beans
1058,turkey breast
1059,cold water
1060,soya sauce
1061,vegetable bouillon granules
1062,lemon cake mix
1063,meatloaf mix
1064,half-and-half
1065,adobo seasoning
1066,ground red chili pepper
1067,seasoned dry bread crumbs
1068,frozen small whole onions
1069,albacore tuna
1070,sweet italian sausage links
1071,meat ravioli
1072,sauerkraut
1073,clam juice
1074,ground paprika
1075,betty crocker super moist white cake mix
1076,fresh thyme
1077,sofrito sauce
1078,fresh flat-leaf parsley
1079,green chili peppers
1080,fettuccine pasta
1081,raclette cheese
1082,cream of chicken soup
1083,cinnamon applesauce
1084,smooth cashew butter
1085,english walnuts
1086,liquid smoke
1087,solid-pack pumpkin
1088,filet of beef
1089,blackberries
1090,ham bone
1091,cooked farfalle pasta
1092,top sirloin steaks
1093,candy sprinkles
1094,swanson chicken broth
1095,shredded coconut
1096,spring onions
1097,unsweetened baking chocolate
1098,campbell's cheddar cheese soup
1099,miniature chocolate chips
1100,chicken legs-thighs
1101,mixed italian herbs
1102,fresh white breadcrumbs
1103,liquid certo
1104,ground cloves
1105,breadcrumbs
1106,smoked almonds
1107,dark chocolate cake mix
1108,peppermint extract
1109,tiny new potatoes
1110,small mushrooms
1111,pastry for single-crust pie
1112,paad thai sauce
1113,seasoning salt
1114,stove top stuffing mix
1115,flour tortillas
1116,reduced-sodium chicken broth
1117,dried ancho chile powder
1118,tilapia fillet
1119,french dressing
1120,lard
1121,oat bran
1122,lean ground lamb
1123,egg yolk
1124,low sodium salt
1125,butter
1126,tarragon
1127,tapioca flour
1128,strong black tea
1129,bicarbonate of soda
1130,baby potatoes
1131,chicken bouillon granules
1132,vanilla instant pudding mix
1133,wheat flour tortillas
1134,gluten-free rice flour mix
1135,heath candy bars
1136,flax seed meal
1137,tamari
1138,pork stuffing mix
1139,apricot jam
1140,water
1141,pinto beans
1142,fresh rosemary
1143,fontina
1144,red burgundy wine
1145,extra large eggs
1146,idaho potatoes
1147,celery ribs
1148,unbleached flour
1149,pizza toppings
1150,cherry tomatoes
1151,smoked sausage
1152,seasoned bread crumbs
1153,cream soup
1154,beef hot dogs
1155,creamy peanut butter
1156,mrs richardson's caramel topping
1157,simply potatoes traditional mashed potatoes
1158,solid shortening
1159,flounder fillets
1160,allspice berries
1161,marshmallow creme
1162,applesauce
1163,pan dripping
1164,cooked jasmine rice
1165,jelly beans
1166,triple sec
1167,sweet bell pepper
1168,fruit salad
1169,nectarines
1170,dried savory
1171,fresh garlic clove
1172,red capsicum
1173,flour tortilla
1174,small red potatoes
1175,preserved lemon
1176,granulated yeast
1177,ghee
1178,oven cooking bag
1179,fat free salsa
1180,lime wedges
1181,whole grain wheat flour
1182,refrigerated chocolate chip cookie dough
1183,"lemon, juice of"
1184,tony chachere's seasoning
1185,thin spaghetti
1186,napa cabbage
1187,white fish fillet
1188,white pepper
1189,lemon wedge
1190,whole chicken
1191,rubbed sage
1192,fresh small shrimp
1193,nut butter
1194,iceberg lettuce
1195,wheat bran
1196,instant rice
1197,skor english toffee bits
1198,chorizo sausage
1199,vanilla essence
1200,warm water
1201,frozen tater tots
1202,dried mexican oregano
1203,long grain brown rice
1204,cooked brown rice
1205,caesar-flavor croutons
1206,skinless chicken breast half
1207,beef stew meat
1208,scallops
1209,melba toast
1210,butter-flavored oil
1211,mostaccioli pasta
1212,malted milk balls
1213,pesto sauce mix
1214,deli roast beef
1215,cream of onion soup
1216,anise seed
1217,cayenne powder
1218,basmati rice
1219,onion flakes
1220,cornbread-muffin mix
1221,extra lean ground beef
1222,karo syrup
1223,spiced rum
1224,coriander leaves
1225,vital wheat gluten flour
1226,dried italian salad dressing mix
1227,crisco shortening
1228,colby
1229,bamboo shoot
1230,buttermilk
1231,butter-flavored cooking spray
1232,underblade steak
1233,pudding
1234,vegetable soup mix
1235,dinner rolls
1236,miniature marshmallow
1237,cooked boneless skinless chicken breasts
1238,non-dairy whipped topping
1239,cayenne pepper
1240,fresh jalapenos
1241,soba noodles
1242,cream cheese with garlic and herbs
1243,mccormick's seasoning salt
1244,mccormick mild chili seasoning
1245,graham cracker crumbs
1246,yellow cake mix
1247,beer
1248,chipotle chiles in adobo
1249,lamb shanks
1250,thick slab bacon
1251,rotel
1252,risotto rice
1253,diet soda
1254,lean ground meat
1255,liquid smoke flavoring
1256,"lemon, zest of"
1257,hard cheese
1258,brown mustard
1259,frozen limeade concentrate
1260,brewed coffee
1261,cilantro leaf
1262,white chocolate bark
1263,sandwich bread
1264,jello gelatin
1265,yellow sweet pepper
1266,unsweetened orange juice
1267,cooked linguine
1268,unseasoned breadcrumbs
1269,hash brown
1270,green curry paste
1271,prepared horseradish
1272,bittersweet chocolate
1273,yogurt
1274,porterhouse steaks
1275,boneless lamb
1276,celery seeds
1277,lemon peel
1278,raspberry jam
1279,stewed tomatoes
1280,graham cracker pie crust
1281,minced garlic clove
1282,chorizo sausages
1283,boneless ham
1284,toasted sesame oil
1285,apple cider vinegar
1286,blue food coloring
1287,boneless skinless chicken thighs
1288,oriental-flavor instant ramen noodles
1289,ice cream
1290,whipping cream
1291,dried tarragon
1292,rice flour
1293,egg roll wraps
1294,golden raisin
1295,sweet unsalted butter
1296,nutter butter sandwich cookies
1297,instant potato flakes
1298,unbleached bread flour
1299,wine
1300,dry oregano
1301,cabernet sauvignon wine
1302,cracker
1303,chili pepper
1304,fresh bay leaves
1305,whole turkey
1306,kaiser roll
1307,fat free blue cheese dressing
1308,roma tomatoes
1309,solid white tuna
1310,teriyaki marinade
1311,unsweetened cocoa
1312,bran flakes
1313,cocoa
1314,cornbread stuffing mix
1315,ground savory
1316,lemon juice concentrate
1317,baking soda
1318,round steak
1319,beef kielbasa
1320,dried black fungus
1321,almond extract
1322,gluten-free flour
1323,egg roll wrap
1324,jalapeno jelly
1325,green ginger
1326,dill pickle
1327,hostess twinkies
1328,black bean soup
1329,dry thyme leaves
1330,canned salmon
1331,ice water
1332,fettuccine
1333,ranch style beans
1334,lean round steak
1335,cider vinegar
1336,condensed golden mushroom soup
1337,ranch dip mix
1338,butter beans
1339,mangoes
1340,italian-style stewed tomatoes
1341,whole almonds
1342,fresh italian parsley
1343,whole milk cottage cheese
1344,dry pinto beans
1345,light whipped topping
1346,penne
1347,smoked provolone cheese
1348,cinnamon
1349,unsweetened lemonade mix
1350,white whole wheat flour
1351,orange
1352,potato starch
1353,russet potatoes
1354,raisins
1355,salad macaroni
1356,bearnaise sauce mix
1357,star anise
1358,rice krispies
1359,white mushrooms
1360,fine breadcrumbs
1361,mild italian sausage
1362,rhubarb
1363,low-fat cream cheese
1364,pork shoulder butt
1365,pomegranates
1366,canned black beans
1367,creole mustard
1368,whiskey
1369,beef-flavor ramen noodles
1370,bouillon cubes
1371,pizza dough
1372,corn niblets
1373,roasted red peppers
1374,kalamata olive
1375,lipton recipe secrets savory herb with garlic soup mix
1376,seasoned croutons
1377,serrano peppers
1378,soft silken tofu
1379,crisp rice cereal
1380,dill seeds
1381,fine salt
1382,ginger marmalade
1383,thai fish sauce
1384,pork chop
1385,pork stew meat
1386,pie pastry
1387,corn kernel
1388,light chunk tuna in water
1389,cooked angel hair pasta
1390,navel orange
1391,venison tenderloins
1392,white flour
1393,corn tortillas
1394,parsley flakes
1395,firm bananas
1396,chili paste with garlic
1397,miniature chocolate chip
1398,garlic pepper seasoning
1399,hot dogs
1400,non-dairy chocolate chips
1401,bay leaf powder
1402,garlic cloves
1403,bok choy
1404,thai sweet chili sauce
1405,canadian bacon
1406,malt vinegar
1407,english cucumber
1408,dried fruits
1409,fresh gingerroot
1410,sliced apples
1411,veal scallops
1412,smoked streaky bacon
1413,cereal
1414,"lime, zest of"
1415,stew meat
1416,skinless chicken thighs
1417,brown rice flour
1418,spring onion
1419,irish cream
1420,sweet italian sausage link
1421,kaffir lime leaves
1422,caramel ice cream topping
1423,low-fat ricotta cheese
1424,boneless beef sirloin
1425,yellow sweet onions
1426,orange extract
1427,pork tenderloin
1428,smoked ham hock
1429,white cabbage
1430,ground cardamom
1431,hard salami
1432,smooth peanut butter
1433,frozen french toast
1434,flexible plastic straws
1435,fines herbes
1436,hot chili paste
1437,rice wine vinegar
1438,mandarin oranges
1439,no-salt-added diced tomatoes
1440,tomato juice
1441,thai chiles
1442,meatless sauce
1443,cucumbers
1444,cream
1445,pre-rolled puff pastry sheets
1446,mexican oregano
1447,king crab legs
1448,medium grain rice
1449,frozen vegetables
1450,pears
1451,sun-dried tomato pesto
1452,vanilla chips
1453,refrigerated pie crusts
1454,whole wheat flour
1455,pasta sauce
1456,dried parsley
1457,sweet onion
1458,unsifted all-purpose flour
1459,curry paste
1460,harissa
1461,lemon extract
1462,carbonated lemon-lime beverage
1463,french bread dough
1464,merlot
1465,rum
1466,frozen sliced strawberries in syrup
1467,whole bay leaf
1468,cabbage
1469,chicken pieces
1470,sugar-free applesauce
1471,cracker crumbs
1472,granola cereal
1473,broth
1474,condensed chicken broth
1475,bamboo skewers
1476,carrots
1477,kefalotiri
1478,tuna in water
1479,demerara sugar
1480,wheat chex
1481,french dijon mustard
1482,beef cube steaks
1483,chicken leg quarters
1484,reduced-calorie margarine
1485,hardboiled egg
1486,havarti cheese
1487,preserves
1488,taco cheese
1489,vodka
1490,seasoned pepper
1491,healthy request cream of chicken soup
1492,red chili pepper flakes
1493,real butter
1494,powdered chocolate milk mix
1495,rye bread
1496,cooking onion
1497,cooked ground beef
1498,savory
1499,milk chocolate kiss
1500,plain soymilk
1501,baking powder
1502,crisco cooking oil
1503,coriander sprig
1504,adobo sauce
1505,granny smith apples
1506,plain doritos
1507,avocado
1508,green taco sauce
1509,karo light corn syrup
1510,deli turkey
1511,light rum
1512,garlic paste
1513,white cake mix
1514,whole cumin seed
1515,syrup
1516,cottage cheese
1517,miniature marshmallows
1518,yellow mustard seeds
1519,panir
1520,pitted black olives
1521,cashews
1522,dried black-eyed peas
1523,raw peanuts
1524,frozen puff pastry
1525,kasseri cheese
1526,turnips
1527,beef round steak
1528,dry penne pasta
1529,fat free tortillas
1530,extra virgin olive oil
1531,pickle relish
1532,ground pepper
1533,bread
1534,bow tie pasta
1535,thyme leaves
1536,golden delicious apple
1537,coconut pecan frosting
1538,mixed berry
1539,sriracha sauce
1540,chili-garlic sauce
1541,catsup
1542,cooked long-grain brown rice
1543,cinnamon-swirl bread
1544,pearl barley
1545,pistachios
1546,short-grain rice
1547,coconut milk
1548,wheat flour
1549,quick-cooking grits
1550,whole wheat bread
1551,cooked noodles
1552,sweetened condensed milk
1553,rice chex
1554,low-sodium instant chicken bouillon granules
1555,yellow cake mix with pudding
1556,jarlsberg cheese
1557,saffron thread
1558,monterey jack and cheddar cheese blend
1559,monterey jack cheese
1560,ground round
1561,lime gelatin
1562,quicker quaker oats
1563,raw sugar
1564,reduced-fat sharp cheddar cheese
1565,broccoli floret
1566,dried red kidney beans
1567,frozen dessert topping
1568,white corn tortillas
1569,natural applesauce
1570,brussels sprouts
1571,pineapple juice
1572,hickory liquid smoke
1573,fresh dill
1574,tap water
1575,jalapeno
1576,hot pepper oil
1577,unsweetened crushed canned pineapple
1578,strawberry gelatin
1579,meat tenderizer
1580,pastry for a double-crust 9-inch pie
1581,semisweet chocolate piece
1582,provolone cheese
1583,pillsbury sugar cookie dough
1584,ground pork
1585,rabbit
1586,green bell peppers
1587,hamburger patty
1588,orange bell pepper
1589,mcintosh apples
1590,medium hot salsa
1591,boneless rib-eye steak
1592,onion powder
1593,curry leaves
1594,panko breadcrumbs
1595,cooked chicken
1596,hershey chocolate kisses
1597,parchment paper
1598,salted butter
1599,sunflower oil
1600,ground turkey
1601,english mustard
1602,"lemons, juice of"
1603,green maraschino cherry
1604,self rising flour
1605,beef brisket
1606,split red lentils
1607,grape juice
1608,butter flavored crackers
1609,ladyfingers
1610,mushroom stems and pieces
1611,coconut cream
1612,fat-free cool whip
1613,quick-cooking oats
1614,ground nutmeg
1615,imitation crabmeat
1616,sazon goya
1617,whole cloves
1618,whipped butter
1619,reduced-fat peanut butter
1620,corn chex
1621,whipped cream cheese
1622,button mushroom
1623,shell macaroni
1624,dry yeast
1625,compressed yeast cakes
1626,cooked chicken breasts
1627,mahi mahi fillet
1628,semisweet chocolate
1629,plantains
1630,lime slice
1631,dried onion
1632,dried kidney beans
1633,frozen battered fish fillets
1634,hormel real bacon bits
1635,fresh basil
1636,multigrain cereal
1637,lean ground sirloin
1638,pecan halves
1639,graham flour
1640,root beer extract
1641,fresh broccoli
1642,turkey meat
1643,fresh basil leaf
1644,mild cheddar cheese
1645,capers
1646,jicama
1647,champignon mushrooms
1648,beef flank steak
1649,butter buds
1650,medium shrimp
1651,japanese-style bread crumbs
1652,chicken cutlets
1653,plain yogurt
1654,garlic salt
1655,steak sauce
1656,golden delicious apples
1657,beef
1658,dried sage
1659,asparagus spear
1660,home fries
1661,nuts
1662,raw carrot
1663,pie filling
1664,cool whip
1665,lager beer
1666,coffee
1667,kirsch
1668,nestle toll house baking cocoa
1669,turkey broth
1670,noodles
1671,jalapeno pepper
1672,buns
1673,sirloin
1674,dijonnaise mustard
1675,dried chives
1676,sour cream
1677,vegetable broth
1678,caraway seeds
1679,"9"" unbaked pie shell"
1680,hot paprika
1681,yellow cornmeal
1682,mexicorn
1683,coarse salt
1684,brown sugar
1685,mixed pepper
1686,boneless pork loin chops
1687,cream cheese frosting
1688,fine sea salt
1689,light cream
1690,frozen green peas
1691,pineapple chunks in juice
1692,curry powder
1693,turkey liver
1694,saltine crumbs
1695,cherries in syrup
1696,chocolate syrup
1697,pineapple slices
1698,diced green chilis
1699,pimento stuffed olive
1700,pickled ginger
1701,ground masticha
1702,mahi mahi fillets
1703,baby back rib racks
1704,light brown sugar
1705,mild green chilies
1706,dark beer
1707,refried beans
1708,tomatoes and green chilies
1709,manioc starch
1710,fresh black pepper
1711,2% low-fat milk
1712,seafood sauce
1713,anchovy paste
1714,cake flour
1715,fat free chicken broth
1716,dried orange peel
1717,pork spareribs
1718,dried red beans
1719,yellow bell peppers
1720,italian plum tomatoes
1721,oreo double stuff cookies
1722,peppercorns
1723,light mayonnaise
1724,green food coloring
1725,light sour cream
1726,no-boil lasagna noodles
1727,peanuts
1728,wine vinegar
1729,plain low-fat yogurt
1730,low-sugar pizza sauce
1731,fresh blueberries
1732,lean stewing beef
1733,chocolate chips
1734,fine egg noodles
1735,irish whiskey
1736,sesame oil
1737,garfava flour
1738,portabella mushroom
1739,mung beans
1740,velveeta reduced fat cheese product
1741,sambal oelek chili paste
1742,instant lemon pudding mix
1743,margarine
1744,brown lentils
1745,mexican chili powder
1746,steaks
1747,hellmann's mayonnaise
1748,coconut flavoring
1749,dry burrito mix
1750,vegetable oil
1751,egg substitute
1752,brown sugar substitute
1753,semisweet chocolate morsels
1754,sour orange juice
1755,mixed grain bread
1756,fresh shrimp
1757,boneless fish fillet
1758,anaheim chilies
1759,non-fat tortilla chips
1760,frank's red hot sauce
1761,coca-cola classic
1762,light mozzarella cheese
1763,gold medal all-purpose flour
1764,fennel seed
1765,unpopped popcorn
1766,peach schnapps
1767,quick-cooking rolled oats
1768,fruit
1769,rye flour
1770,beef short ribs
1771,corn mixed with chopped peppers
1772,dried yeast
1773,red delicious apple
1774,pumpkin pie filling
1775,unsweetened applesauce
1776,7-up
1777,pork cutlets
1778,pork chops
1779,ground sausage
1780,cornbread
1781,mint extract
1782,unsweetened instant tea
1783,instant coffee
1784,sweet corn
1785,cauliflower florets
1786,straw mushrooms
1787,white cornmeal
1788,lowfat mozzarella cheese
1789,kellogg's all-bran cereal
1790,beef tenderloin
1791,miso
1792,almonds
1793,bread flour
1794,low sodium beef broth
1795,caesar salad dressing
1796,fresh thyme leave
1797,jimmy dean sausage
1798,roasting chickens
1799,fresh zucchini
1800,thyme
1801,tia maria
1802,orange cake mix
1803,fresh cilantro stem
1804,miniature semisweet chocolate chips
1805,black olives
1806,of fresh mint
1807,uncooked rice
1808,scallions
1809,plain croissants
1810,chocolate bars with almonds
1811,radishes
1812,low-fat parmesan cheese
1813,dried currant
1814,egg
1815,spicy hot v8
1816,red decorating gel
1817,coleslaw mix
1818,sun-dried tomatoes
1819,dill seed
1820,swiss cheese
1821,baking mix
1822,strawberries
1823,lean ground turkey
1824,dry roasted peanuts
1825,ground thyme
1826,non-fat vanilla yogurt
1827,pork butt
1828,cooked macaroni
1829,perch
1830,red onion
1831,cinnamon-sugar mixture
1832,canned tomato
1833,a.1. original sauce
1834,mexicorn whole kernel corn
1835,potatoes
1836,orange marmalade
1837,frozen orange juice concentrate
1838,red-hot candies
1839,green onion stems
1840,yams
1841,90% lean ground beef
1842,unsalted dry roasted peanuts
1843,seedless european cucumber
1844,anise extract
1845,crabmeat
1846,lean ground beef
1847,long grain and wild rice blend
1848,soy sausage
1849,pickled jalapeno pepper
1850,white candy coating
1851,honey mustard
1852,asadero cheese
1853,process american cheese
1854,seedless cucumber
1855,ricotta cheese
1856,lite olive oil
1857,cheese tortellini
1858,bell peppers
1859,boiling potatoes
1860,teriyaki sauce
1861,frozen fruit
1862,butter flavor extract
1863,ice cube
1864,whole boneless chicken breasts
1865,turkey wings
1866,dill
1867,banana pepper
1868,garbanzo beans
1869,post grape-nuts cereal
1870,french fries
1871,sun-dried tomatoes packed in oil
1872,nonfat beef broth
1873,red delicious apples
1874,old-fashioned oatmeal
1875,apple juice
1876,shrimp
1877,white corn syrup
1878,no-salt-added chicken broth
1879,fresh thyme leaves
1880,chicken breast tenders
1881,ranch dressing mix
1882,marionberries
1883,boneless beef roast
1884,peanut butter
1885,small potatoes
1886,ground sage
1887,instant banana pudding mix
1888,frozen mixed vegetables
1889,cantaloupe
1890,certo
1891,low-sodium beef bouillon granules
1892,enchilada sauce
1893,red capsicums
1894,dark soy sauce
1895,tapioca
1896,mccormick's montreal brand steak seasoning
1897,pork shoulder
1898,thompson seedless grapes
1899,romaine lettuce leaf
1900,92% lean ground beef
1901,corn flakes cereal
1902,active dry yeast
1903,beef bouillon cubes
1904,mizithra cheese
1905,pear
1906,boneless beef top sirloin steaks
1907,rolled oats
1908,lamb
1909,creme fraiche
1910,non-fat powdered milk
1911,fresh basil leaves
1912,green sprinkles
1913,red food coloring
1914,frozen bread dough
1915,vermicelli
1916,fresh cilantro
1917,flat bread
1918,tex-mex cheese
1919,fresh ground pepper
1920,yellow mustard
1921,chicken breast halves
1922,artichokes
1923,apple pie filling
1924,frozen dinner rolls
1925,apple pie filling with cinnamon
1926,toothpicks
1927,thai holy basil
1928,unsweetened chocolate
1929,nutella
1930,pimientos
1931,graham cracker squares
1932,unsweetened pineapple juice
1933,fresh green beans
1934,fresh lime juice
1935,fresh spinach
1936,sweet potato
1937,frozen blueberries
1938,superfine sugar
1939,sliced ripe olives
1940,pumpkin puree
1941,jumbo pasta shells
1942,kelp
1943,chicken bones
1944,garlic sprouts
1945,quick oatmeal
1946,plastic wrap
1947,dark red kidney beans
1948,frozen raspberries
1949,unsweetened pineapple chunks
1950,whole grain buns
1951,white button mushrooms
1952,beef steaks
1953,blended oatmeal
1954,vanilla frosting
1955,fresh herbs
1956,vegemite
1957,dry vermouth
1958,chinese rice wine
1959,lemon pepper
1960,low-fat cream of chicken soup
1961,pork broth
1962,vegan mayonnaise
1963,filet mignon
1964,beets
1965,refrigerated biscuits
1966,hazelnuts
1967,steamed rice
1968,crystallized ginger
1969,frozen peas
1970,gravy
1971,russet potato
1972,oyster sauce
1973,low-fat pepperoni
1974,brewer's yeast
1975,ground lamb
1976,cherry pie filling
1977,pork loin chops
1978,cooked white rice
1979,condensed cream of mushroom & garlic soup
1980,frying chickens
1981,dry mustard
1982,self raising flour
1983,boneless pork
1984,chipotle chile
1985,knorr french onion soup mix
1986,skinless chicken piece
1987,white wine
1988,chicken tenderloins
1989,tomato soup
1990,italian spices
1991,lettuce
1992,soda crackers
1993,semisweet mini chocolate chips
1994,white pearl onions
1995,onion gravy mix
1996,dried cranberries
1997,heavy cream
1998,whole black peppercorns
1999,spaghetti squash
2000,rib eye steaks
2001,cocktail smoked sausage links
2002,lamb chops
2003,xanthan gum
2004,fresh parsley leaves
2005,dried tamarind
2006,new york strip steaks
2007,spaghetti noodles
2008,green chile picante sauce
2009,pork spare rib racks
2010,pizza crust
2011,elbow macaroni
2012,dried rosemary
2013,acorn squash
2014,unsweetened chocolate squares
2015,cloves
2016,pecans
2017,chili pepper flakes
2018,marshmallow cream
2019,clear honey
2020,brine
2021,oxtails
2022,thai basil
2023,romano cheese
2024,chuck roast
2025,caramels
2026,arm roast
2027,orange lentils
2028,raspberry gelatin powder
2029,jalapenos
2030,shallots
2031,coconut rum
2032,polenta
2033,raspberries
2034,mustard
2035,part-skim ricotta cheese
2036,cilantro
2037,cherry chips
2038,fresh parsley
2039,kiwi
2040,iced tea mix powder
2041,cheddar cheese
2042,asiago cheese
2043,chocolate curls
2044,pico de gallo
2045,celery leaves
2046,chocolate
2047,sugar-free orange gelatin
2048,lettuce leaf
2049,flakey biscuits
2050,yellow squash
2051,salsa
2052,ground chipotle chile pepper
2053,roast beef
2054,cranberries
2055,captain morgan parrot bay coconut rum
2056,poppy seeds
2057,canned jalapeno slices
2058,fennel bulb
2059,ouzo liqueur
2060,orange juice concentrate
2061,burrito-size flour tortilla
2062,mexican-style stewed tomatoes
2063,sage leaves
2064,roasted garlic cloves
2065,cooked couscous
2066,green beans
2067,fajita seasoning mix
2068,catfish fillets
2069,corn kernels
2070,fresh crabmeat
2071,pork roast
2072,orzo pasta
2073,low-fat mayonnaise
2074,"lime, juice of"
2075,ginger powder
2076,hormel chili
2077,coarse sugar
2078,beef ravioli
2079,canned chick-peas
2080,sweet red peppers
2081,guacamole
2082,9-inch graham cracker crust
2083,corona beer
2084,pimiento
2085,bean sprouts
2086,dried dill
2087,minestrone soup
2088,citric acid
2089,picante sauce
2090,pretzel rings
2091,turbinado sugar
2092,seasoned stuffing mix
2093,cumin
2094,dried italian seasoning
2095,chocolate wafer crumbs
2096,hp steak sauce
2097,frozen baby peas
2098,kahlua
2099,light raisins
2100,celery seed
2101,macaroni
2102,chex cereal
2103,black-eyed peas
2104,pork
2105,beef eye round
2106,bouillon
2107,powdered saffron
2108,reese's peanut butter cups
2109,mild salsa
2110,carnation evaporated milk
2111,spice cake mix
2112,boneless chicken thighs
2113,quick-rising yeast
2114,cheerios toasted oat cereal
2115,dried curry leaves
2116,boneless ribs
2117,boneless skinless chicken
2118,dry parmesan cheese
2119,challah bread crumbs
2120,cooked shrimp
2121,fresh cranberries
2122,bread machine yeast
2123,dipping chocolate
2124,nestle semi-sweet chocolate chips
2125,hash brown patties
2126,pecan pieces
2127,leg of lamb
2128,soy sauce
2129,white bread flour
2130,beef ribs
2131,red bell peppers
2132,marshmallows
2133,vegetarian worcestershire sauce
2134,beef top round steak
2135,broccoli
2136,chicken thigh
2137,tempeh
2138,splenda sugar substitute
2139,pectin
2140,sherry wine
2141,apple fruit filling and topping
2142,lasagna noodles
2143,limes
2144,diced tomatoes
2145,frozen lemonade
2146,bay leaf
2147,garlic and cheese flavored croutons
2148,ritz cracker crumbs
2149,chocolate fudge instant pudding mix
2150,frozen strawberries
2151,fast rise yeast
2152,cherry preserves
2153,ras el hanout spice mix
2154,mango chutney
2155,whole mushrooms
2156,fresh ground black pepper
2157,cranberry sauce
2158,russet baking potatoes
2159,rice noodles
2160,cremini mushrooms
2161,ground venison
2162,quinoa
2163,rolo chocolates
2164,chive & onion cream cheese
2165,toasted sliced almonds
2166,bean with bacon soup
2167,corn syrup
2168,butterscotch extract
2169,reduced-fat sausage
2170,black cardamom pod
2171,dry buttermilk
2172,sausages
2173,fontina cheese
2174,gherkins
2175,taco shells
2176,mixed french herbs
2177,red seedless grapes
2178,low-fat italian salad dressing
2179,banana pepper rings
2180,egg whites
2181,steak
2182,philadelphia cream cheese
2183,smoked turkey breast
2184,tomato sauce
2185,lemon wedges
2186,peanut oil
2187,whole milk ricotta cheese
2188,cooking fat
2189,vegetable juice
2190,dry sherry
2191,aluminum foil
2192,fenugreek leaves
2193,mushrooms
2194,soymilk
2195,blackstrap molasses
2196,fresh corn
2197,bulk sausage
2198,deep dish pie shells
2199,shell pasta
2200,lemon rind
2201,baking cocoa
2202,cheese slice
2203,andouille sausage
2204,milk chocolate kisses
2205,yeast
2206,glaze
2207,dried apricots
2208,vegetable shortening
2209,dried red pepper flakes
2210,shortening
2211,poultry seasoning
2212,cake mix
2213,italian sausage
2214,grape jelly
2215,graham cracker crumb crust
2216,dried red chili pepper
2217,tri-colored pasta
2218,cooked egg noodles
2219,french onion soup mix
2220,top round steaks
2221,strawberry drink mix
2222,cellophane noodle
2223,garlic clove
2224,green chili pepper
2225,6-inch flour tortillas
2226,fresh peas
2227,beef blade roast
2228,mixed mushrooms
2229,goat cheese
2230,frozen orange juice
2231,soft brown sugar
2232,instant chicken bouillon granules
2233,chinese cabbage
2234,lemon curd
2235,maraschino cherries
2236,head cauliflower
2237,country time lemonade mix
2238,dried fruit
2239,evaporated skim milk
2240,sweet onions
2241,rigatoni pasta
2242,reese's pieces
2243,fruit chutney
2244,fresh ginger
2245,onion
2246,italian seasoning
2247,cooked rice
2248,bananas
2249,dried thyme
2250,grapes
2251,frozen cauliflower
2252,old bay seasoning
2253,wasabi paste
2254,pure olive oil
2255,sausage links
2256,dark brown sugar
2257,boneless skinless chicken breasts
2258,eggplants
2259,diced tomatoes with mild green chilies
2260,red bell pepper
2261,80% lean ground beef
2262,nutritional yeast
2263,head broccoli
2264,extra-sharp cheddar cheese
2265,ritz cracker
2266,coarse sea salt
2267,crushed pineapple with juice
2268,cayenne
2269,red sugar crystals
2270,cinnamon sticks
2271,processed cheese
2272,nonfat dry milk powder
2273,tamari soy sauce
2274,creole seasoning
2275,reduced-sodium taco seasoning mix
2276,kosher salt
2277,frozen peas and carrots
2278,ghirardelli semi-sweet chocolate chips
2279,allspice berry
2280,candy canes
2281,whole chickens
2282,fat-free sugar-free instant vanilla pudding mix
2283,boneless chicken breasts
2284,sambal oelek
2285,butter pecan cake mix
2286,lemon jell-o gelatin
2287,sweet peppers
2288,granny smith apple
2289,fast rising yeast
2290,pignolis
2291,cube steaks
2292,red sweet bell pepper
2293,curry
2294,cooked turkey
2295,condensed milk
2296,vanilla cream-filled sandwich style cookies
2297,lean beef
2298,low-fat sour cream
2299,raw cashews
2300,sugar snap peas
2301,whole wheat breadcrumbs
2302,honey dijon mustard
2303,table salt
2304,white potato
2305,pumpernickel bread
2306,baguette
2307,cumin seed
2308,canned crushed pineapple
2309,celery
2310,head of garlic
2311,fruit sauce
2312,ripe olives
2313,kielbasa
2314,tofu
2315,fresh cream
2316,fresh tortellini
2317,minced ginger
2318,yellow curry paste
2319,snow crab legs
2320,white sugar
2321,boneless sirloin steaks
2322,toothpick
2323,relish
2324,cream cheese with chives
2325,prosciutto
2326,white distilled vinegar
2327,mexican blend cheese
2328,dried mustard
2329,fat-free low-sodium chicken broth
2330,instant chicken broth
2331,pretzel twists
2332,egg yolks
2333,french onion soup
2334,yellow sweet peppers
2335,egg white
2336,salmon fillet
2337,ear of corn
2338,sweet green peppers
2339,chocolate milk
2340,beef bouillon
2341,vanilla extract
2342,pie shells
2343,lipton onion soup mix
2344,wooden skewer
2345,tomatillo
2346,pie shell
2347,canned chicken broth
2348,couscous
2349,salt and fresh pepper
2350,pastry flour
2351,neufchatel cheese
2352,frozen spinach
2353,chinese five spice powder
2354,fish
2355,dried parsley flakes
2356,wheat germ
2357,skinless chicken breast
2358,great northern bean
2359,diced green chilies
2360,black coffee
2361,mccormick salad supreme seasoning
2362,reduced-fat milk
2363,pasta shells
2364,tasty cheese
2365,vanilla wafer cookies
2366,pineapple tidbits
2367,frozen broccoli florets
2368,semi-sweet chocolate chips
2369,tahini
2370,fresh bean sprout
2371,light corn syrup
2372,turkey
2373,sun-dried tomato
2374,oregano leaves
2375,dry lentils
2376,msg
2377,parmigiano
2378,garlic and red chile paste
2379,kale leaves
2380,dried shiitake mushrooms
2381,boiling water
2382,guinness stout
2383,cooked ham
2384,sugar-free instant chocolate pudding mix
2385,lean ham
2386,italian-style tomato sauce
2387,nuoc nam
2388,baby shrimp
2389,roasted red pepper
2390,ginger-garlic paste
2391,instant vanilla pudding
2392,fish fillets
2393,fresh lemon
2394,black pepper
2395,chipotle hot sauce
2396,unbleached white flour
2397,toasted sesame seeds
2398,turmeric
2399,cognac
2400,white rum
2401,slivered almonds
2402,frozen meatballs
2403,chicken meat
2404,frozen sweet corn
2405,chicken base
2406,pork loin roast
2407,red maraschino cherry
2408,mashed sweet potatoes
2409,puff pastry sheets
2410,cola
2411,hot red pepper flakes
2412,pan drippings
2413,maraschino cherry
2414,jalapeno peppers
2415,fresh garlic cloves
2416,dry linguine
2417,celery root
2418,condensed tomato soup
2419,oleo
2420,powdered fruit pectin
2421,mint chocolate chips
2422,french's mustard
2423,shallot
2424,banana
2425,grits
2426,guinness draught
2427,firm tofu
2428,pace picante sauce
2429,lime zest
2430,instant chocolate fudge pudding
2431,ahi tuna steaks
2432,bleu cheese salad dressing
2433,dr. pepper cola
2434,chives
2435,red wine
2436,espresso coffee
2437,old cheddar cheese
2438,crispix cereal
2439,romaine lettuce leaves
2440,reduced-fat cheddar cheese
2441,instant espresso
2442,large marshmallows
2443,sirloin tip steaks
2444,head of cabbage
2445,1% low-fat milk
2446,celery rib
2447,whole turkey breast
2448,jumbo shrimp
2449,french style green beans
2450,german chocolate cake mix
2451,limeade
2452,raw carrots
2453,nonstick spray coating
2454,miniature hot dogs
2455,pillsbury grands refrigerated buttermilk biscuits
2456,diced tomato
2457,sea scallops
2458,peach preserves
2459,french fried onion rings
2460,"lemons, juice and rind of"
2461,frozen hash browns
2462,canned plum tomatoes
2463,spike seasoning
2464,graham crackers
2465,emmenthaler cheese
2466,sweet creamy butter
2467,ro-tel tomatoes
2468,rotel tomatoes & chilies
2469,red cinnamon candies
2470,stout beer
2471,halibut fillets
2472,strawberry jell-o gelatin dessert
2473,pepper
2474,tomato and basil pasta sauce
2475,hot chili flakes
2476,poblano chiles
2477,dried sweetened cranberries
2478,pork jowl
2479,cranberry juice
2480,honey
2481,fenugreek seeds
2482,potato chips
2483,wide egg noodles
2484,cardamom
2485,seasoning
2486,salad leaves
2487,dried chervil
2488,roast
2489,pickle
2490,french baguette
2491,ground turmeric
2492,beef t-bone steaks
2493,whole berry cranberry sauce
2494,bell pepper
2495,mixed salad greens
2496,vidalia onion
2497,chicken broth
2498,parsnip
2499,tomatoes seasoned with basil garlic & oregano
2500,lingonberries
2501,stir fry vegetables
2502,mars bars
2503,powdered sugar
2504,lean bacon
2505,ground beef
2506,whole allspice
2507,sun-dried tomato tortillas
2508,fresh parmesan cheese
2509,smoked paprika
2510,rice wine
2511,rice paper sheet
2512,seafood cocktail sauce
2513,venison steak
2514,lime rind
2515,cinnamon stick
2516,morton lite salt
2517,season salt
2518,cut green beans
2519,beef roast
2520,italian parsley
2521,papayas
2522,fresh spearmint
2523,baking potato
2524,lifesavers candies
2525,nonfat milk
2526,chicken bouillon granule
2527,ginger paste
2528,italian dressing
2529,top sirloin steak
2530,beef stock
2531,roasted sweet red peppers
2532,potato flakes
2533,hash browns
2534,fat-free evaporated milk
2535,instant bouillon granules
2536,ground ginger
2537,salad dressing
2538,dry vegetable soup mix
2539,shredded cheddar cheese
2540,instant minced onion
2541,red chili powder
2542,whole milk
2543,harp lager beer
2544,dried great northern beans
2545,boneless pork loin
2546,fresh snow peas
2547,boston lettuce
2548,cooked chicken breast
2549,black beans
2550,instant yeast
2551,mirin
2552,hard-boiled eggs
2553,lemon slices
2554,corn
2555,hot italian ham
2556,hershey's hugs chocolates
2557,old fashioned oats
2558,canned tomatoes
2559,soft fresh goat cheese
2560,eggs
2561,garlic powder
2562,yellow food coloring
2563,au jus mix
2564,all-purpose white flour
2565,flat iron steaks
2566,ground chuck
2567,rotisserie-cooked chicken
2568,chili beans
2569,white cheddar cheese
2570,lemon zest
2571,lemon-pepper seasoning
2572,chicken stock powder
2573,cheez whiz
2574,kikkoman's teriyaki sauce
2575,italian-style diced tomatoes
2576,dried oregano
2577,powdered coffee creamer
2578,sweet red pepper
2579,boneless pork chops
2580,dried pinto bean
2581,instant chicken bouillon
2582,pickle juice
2583,chicken gravy mix
2584,m&m's
2585,blueberries
2586,soft bread cubes
2587,fresh broccoli florets
2588,cod fish fillets
2589,strawberry
2590,marjoram
2591,taco seasoning
2592,white onions
2593,vanilla bean
2594,frozen broccoli
2595,sushi rice
2596,fruit juice
2597,chilies
2598,crushed tomatoes in puree
2599,natural-style chunky peanut butter
2600,saltines
2601,maple extract
2602,cooking wine
2603,baby spinach
2604,large raw shrimp
2605,velveeta mexican cheese
2606,dry milk
2607,mrs. dash seasoning mix
2608,orange roughy fillets
2609,butter substitute
2610,mixed vegetables
2611,aunt jane's krazy mixed up salt
2612,pineapple chunks
2613,deep dish pie shell
2614,feta cheese with garlic and herbs
2615,unblanched whole almonds
2616,penne pasta
2617,green onion
2618,salsa verde
2619,chicken drumsticks
2620,beet leaves
2621,venison roast
2622,brown rice
2623,cream cheese with chives and onions
2624,lump crabmeat
2625,butter flavor crisco
2626,lime slices
2627,sweet relish
2628,chicken wings
2629,sliced water chestnuts
2630,dried cherries
2631,boneless beef ribs
2632,red cabbage
2633,vanilla wafers
2634,dijon mustard
2635,popcorn
2636,cumin powder
2637,vanilla
2638,realime juice
2639,natural yoghurt
2640,demi-glace
2641,polska kielbasa
2642,lea & perrins worcestershire sauce
2643,lean lamb stew meat
2644,hershey bars
2645,smoked ham
2646,low fat  sweetened condensed milk
2647,graham cracker crust
2648,butterscotch pudding mix
2649,brussels sprout
2650,sweet potatoes
2651,ghirardelli double chocolate chips
2652,chocolate cookie crumbs
2653,diced tomatoes with juice
2654,old-fashioned quaker oats
2655,stevia powder
2656,vanilla yogurt
2657,marinated artichoke hearts
2658,bamboo shoots
2659,hidden valley original ranch dips mix
2660,all-purpose flour
2661,beef cutlets
2662,nutritional yeast flakes
2663,white kidney beans
2664,sirloin steaks
2665,capellini
2666,fresh pineapple
2667,fruit loops cereal
2668,fryer chickens
2669,condensed cream of mushroom soup
2670,frozen southern style hash brown potatoes
2671,cooked penne
2672,red pepper jelly
2673,dry ranch dressing mix
2674,boneless chicken breast
2675,black soybeans
2676,fresh orange juice
2677,powdered milk
2678,swordfish steaks
2679,spinach
2680,low-sodium beef bouillon cubes
2681,whole boneless skinless chicken breast
2682,dried dill weed
2683,semisweet baking chocolate
2684,pretzels
2685,pastry for double-crust pie
2686,lobsters
2687,prepared pizza crust
2688,miracle whip light
2689,artichoke hearts
2690,baking apple
2691,turnip
2692,broccoli slaw mix
2693,oregano
2694,crab claw meat
2695,kernel corn
2696,kiwi fruit
2697,light cream cheese
2698,oreo cookie crumbs
2699,beet juice
2700,molasses
2701,chocolate bark
2702,french vanilla instant pudding
2703,chinese chili sauce
2704,tomatillos
2705,kiwi fruits
2706,jam
2707,bread dough
2708,ketchup
2709,tomato paste
2710,fresh sea scallops
2711,dry white wine
2712,fat-free mayonnaise
2713,low sodium soy sauce
2714,stale bread
2715,part-skim mozzarella cheese
2716,hot pepper sauce
2717,chablis
2718,parmesan-romano cheese mix
2719,cooked bacon
2720,graham cracker
2721,chipotle chile in adobo
2722,velveeta cheese
2723,basil
2724,condensed cream of chicken soup
2725,chicken breast fillets
2726,brown gravy mix
2727,small shrimp
2728,wonton wrappers
2729,"limes, zest of"
2730,dried italian herb seasoning
2731,walnuts
2732,unbleached all-purpose flour
2733,hot water
2734,bacon bits
2735,corn oil
2736,blue cheese
2737,white vinegar
2738,spiral shaped pasta
2739,ground basil
2740,strawberry puree
2741,pork stock
2742,cooking sherry
2743,sweet italian sausage
2744,fresh pepper
2745,single cream
2746,fresh rosemary leaf
2747,cooked basmati rice
2748,dried onion flakes
2749,caramel topping
2750,fresh breadcrumbs
2751,ground chicken
2752,1% fat cottage cheese
2753,non-dairy powdered coffee creamer
2754,refrigerated pie crust
2755,tapioca pudding
2756,milk chocolate chips
2757,fudge brownie mix
2758,pretzel
2759,bulk pork sausage
2760,tea bag
2761,pear juice
2762,fresh ahi tuna
2763,dried garbanzo beans
2764,white wine vinegar
2765,garlic & herb spreadable cheese
2766,lemon cake mix with pudding
2767,crushed pineapple in juice
2768,salt and black pepper
2769,genoa salami
2770,hamburger meat
2771,2% evaporated milk
2772,lime peel
2773,scotch bonnet peppers
2774,bay leaves
2775,worcestershire sauce
2776,broccoli florets
2777,red peppers
2778,fresh raspberries
2779,frozen peaches
2780,chopped pimiento
2781,light-brown sugar
2782,juniper berries
2783,yellow sweet onion
2784,wasabi powder
2785,rollo candies
2786,bone-in ham
2787,medium cheddar
2788,distilled white vinegar
2789,hass avocadoes
2790,lean pork
2791,8-inch pre-baked crumb crust
2792,port wine
2793,ditali pasta
2794,mild chili powder
2795,unbaked 9-inch pie crust
2796,corned beef
2797,cheese
2798,frozen green beans
2799,italian salad dressing
2800,eye of round roast
2801,corn beef hash
2802,hot chili pepper
2803,prime rib roast
2804,andouille sausages
2805,kraft sun-dried tomato salad dressing
2806,mashed bananas
2807,quick oats
2808,orange jell-o
2809,mustard seeds
2810,15 bean soup mix
2811,crisp bacon
2812,vanilla-flavored soymilk
2813,gouda cheese
2814,boursin cheese
2815,m&m'
2816,parsley sprig
2817,portabella mushrooms
2818,italian breadcrumbs
2819,hoagie rolls
2820,barley
2821,roasted peanuts
2822,chipotle peppers
2823,lemon
2824,tart apples
2825,liquid hot pepper sauce
2826,ham steak
2827,sugar substitute
2828,fresh lemon rind
2829,10-inch flour tortillas
2830,chili
2831,boneless beef short ribs
2832,tilapia fillets
2833,dark molasses
2834,hot sauce
2835,reduced-fat cream cheese
2836,dried basil leaves
2837,fresh pumpkin
2838,fat-free vegetable broth
2839,stock
2840,hunts tomato paste
2841,garlic vinaigrette dressing
2842,butterscotch chips
2843,fat
2844,chickpeas
2845,ditalini
2846,pre-shredded mozzarella cheese
2847,chili without beans
2848,canned pumpkin puree
2849,hot dog buns
2850,potato
2851,english muffins
2852,pork baby back ribs
2853,unflavored gelatin
2854,fresh herb
2855,kaiser rolls
2856,vegetables
2857,vanilla flavoring
2858,habanero pepper
2859,salt
2860,fresh strawberries
2861,laughing cow cheese
2862,egg beaters egg substitute
2863,italian turkey sausage link
2864,strawberry cake mix
2865,condensed cream of celery soup
2866,basil pesto
2867,vegetable stock
2868,fresh mushrooms
2869,pita pockets
2870,breakfast sausage links
2871,sweet peas
2872,mild taco sauce
2873,orange decorating icing
2874,maple sugar
2875,fresh sage leaves
2876,cool whip free
2877,brown breadcrumbs
2878,fresca soda
2879,raspberry preserves
2880,miracle whip
2881,canned chipotle chiles
2882,poblano pepper
2883,baby clams
2884,dry crushed red pepper
2885,pizza cheese
2886,biscuits
2887,sugar
2888,ramen noodles
2889,bean dip
2890,sugar-free instant vanilla pudding mix
2891,unbaked 9-inch pie shells
2892,mini chocolate chips
2893,unsweetened coconut milk
2894,red pepper
2895,fresh coriander leaves
2896,beans
2897,fat free mozzarella cheese
2898,diced tomatoes with basil oregano and garlic
2899,scallion
2900,sherbet
2901,olive
2902,instant coffee granules
2903,fresh tarragon leaves
2904,cauliflower
2905,ritz crackers
2906,dairy eggnog
2907,button mushrooms
2908,hot italian sausage
2909,cooking oil
2910,fat-free sweetened condensed milk
2911,fritos chili cheese corn chips
2912,whole kernel corn
2913,nonfat yogurt
2914,low-fat margarine
2915,condensed cheddar cheese soup
2916,baby red potato
2917,diced tomatoes with green chilies
2918,red apple
2919,snickers miniature candy bars
2920,cheese sauce
2921,ranch dressing
2922,bucatini pasta
2923,long grain rice
2924,cooked spaghetti
2925,dry basil leaves
2926,ice cream cones
2927,rack of baby-back pork ribs
2928,quick-cooking oatmeal
2929,dried split peas
2930,steelhead fillet
2931,french bread
2932,fennel
2933,beef bones with marrow
2934,brine-cured black olives
2935,belgian chocolate
2936,italian seasoning mix
2937,haddock fillet
2938,chocolate cookie pie crust
2939,unsalted creamy peanut butter
2940,mushroom pieces
2941,fresh green chile
2942,feta
2943,fat-free cheddar cheese
2944,10-minute success rice
2945,bisquick
2946,lettuce leaves
2947,peas and carrots
2948,chili sauce
2949,white wine worcestershire sauce
2950,pizza seasoning
2951,peaches
2952,vegetable stock powder
2953,pork loin
2954,dried bay leaves
2955,hot peppers
2956,pillsbury refrigerated crescent dinner rolls
2957,light karo syrup
2958,dutch-processed cocoa powder
2959,cooked large macaroni shells
2960,cracked black pepper
2961,condensed cream of tomato soup
2962,penne rigate
2963,pitted ripe olives
2964,no-sugar-added spaghetti sauce
2965,baked corn tortilla chips
2966,creamed corn
2967,lentils
2968,sweet butter
2969,potato hamburger buns
2970,potato gnocchi
2971,corn tortilla chips
2972,egg white powder
2973,hot mustard
2974,serrano chili pepper
2975,little smokies sausage
2976,ground walnuts
2977,tortellini
2978,rice vinegar
2979,dry marsala
2980,roma tomato
2981,top round steak
2982,prepared graham cracker crust
2983,celery powder
2984,pumpkin
2985,flat leaf parsley
2986,turmeric powder
2987,chicken breasts
2988,dried greek oregano
2989,center-cut pork loin chops
2990,reduced-fat mexican cheese blend
2991,broiler-fryer chickens
2992,skinless chicken pieces
2993,unsulphured molasses
2994,dried mint
2995,ham stock
2996,cornichon
2997,reduced-fat feta cheese
2998,white potatoes
2999,colby-monterey jack cheese
3000,sliced mushrooms
3001,portabella mushroom caps
3002,tomatoes with juice
3003,apple pie spice
3004,whole skinless chicken breast
3005,wonton wrapper
3006,sweet bell peppers
3007,raw shrimp
3008,seasoned dry bread crumb
3009,asparagus
3010,white frosting
3011,fresh jalapeno pepper
3012,maple syrup
3013,dill pickles
3014,mint
3015,minute tapioca
3016,bacon fat
3017,roasting chicken
3018,sweet paprika
3019,ground red pepper
3020,low-fat milk
3021,shiitake mushroom
3022,fast-rising active dry yeast
3023,baby carrots
3024,chipotle pepper
3025,ground sirloin
3026,strawberry preserves
3027,light soy sauce
3028,skinless chicken
3029,fudge-striped shortbread cookies
3030,dried hot red chili pepper
3031,pumpkin pie spice
3032,chili peppers
3033,cauliflower floret
3034,marinara sauce
3035,apricots
3036,bread cubes
3037,baileys original irish cream
3038,tabasco jalapeno sauce
3039,dried apricot
3040,fresh asparagus
3041,chicken legs
3042,jiffy cornbread mix
3043,baked beans
3044,cod
3045,low-sodium condensed cream of mushroom soup
3046,reynolds wrap foil
3047,vegetarian banana pudding mix
3048,semolina flour
3049,bacon
3050,wooden sticks
3051,palm sugar
3052,splenda sugar blend for baking
3053,snow peas
3054,sea salt
3055,chicken stock
3056,chopped tomatoes
3057,wonton skins
3058,milk chocolate frosting
3059,unbaked pie shells
3060,nigella seeds
3061,navel oranges
3062,leafy greens
3063,tequila
3064,mayonnaise
3065,texas toast thick bread
3066,corn husks
3067,radish
3068,unsifted flour
3069,prepared yellow mustard
3070,season-all salt
